{"cameraMode":{"drawMode":0,"name":"Shaded","section":"Shading Mode"},"sceneLighting":false,"audioPlay":false,"sceneViewState":{"showFog":false,"showMaterialUpdate":false,"showSkybox":false,"showFlares":false,"showImageEffects":false,"showParticleSystems":false},"in2DMode":false,"pivot":{"x":-0.8188841938972473,"y":1.951878547668457,"z":1.4462890625},"rotation":{"x":0.005504250526428223,"y":0.9942769408226013,"z":-0.06422003358602524,"w":0.08521829545497894},"size":2.1377179622650148,"orthographic":true}